id,created,modified,created_by,updated_by,name,description,url,slug,logo,token_limit,config,provider_id,tool_calling,inference,sort_order,status,realtime_sts,codename,cost
46,2025-07-05 10:11:57.130147+00,2026-01-05 08:13:47.522341+00,,,gpt-3.5-turbo,"","",gpt-3-5-turbo,"",,{},7,f,f,0,inactive,f,gpt-3.5-turbo,0.0000
47,2025-07-05 10:12:34.571616+00,2026-01-05 08:13:47.529329+00,,,gpt-4o,"","",gpt-4o,"",,{},7,f,t,0,active,f,gpt-4o,0.0000
48,2025-07-05 10:14:39.731812+00,2026-01-05 08:13:47.5358+00,,,GPT-4.1,"","",GPT-41,"",,{},7,f,t,0,inactive,f,GPT-4.1,0.0000
107,2025-07-05 16:26:48+00,2026-01-05 08:13:47.811947+00,,,o3-mini,"","",o3-mini,"",,{},7,f,f,0,inactive,f,o3-mini,0.0000
110,2025-07-05 16:26:48+00,2026-01-05 08:13:47.842702+00,,,gpt-4.1-mini,"","",gpt-4-1-mini,"",,{},7,f,t,0,active,f,gpt-4.1-mini,0.0000
112,2025-07-05 16:26:48+00,2026-01-05 08:13:47.859038+00,,,gpt-4o-mini,"","",gpt-4o-mini,"",,{},7,f,t,0,inactive,f,gpt-4o-mini,0.0000
118,2025-07-05 16:26:48+00,2026-01-05 08:13:47.907578+00,,,gpt-4-turbo,"","",gpt-4-turbo,"",,{},7,f,f,0,inactive,f,gpt-4-turbo,0.0000
119,2025-07-05 16:26:48+00,2026-01-05 08:13:47.919655+00,,,gpt-4,"","",gpt-4,"",,{},7,f,f,0,inactive,f,gpt-4,0.0000
120,2025-07-05 11:00:10.82784+00,2026-01-05 08:13:47.929661+00,,,llama3-8b-8192,"","",llama3-8b-8192,"",,{},10,f,f,0,inactive,f,llama3-8b-8192,0.0000
132,2025-07-05 16:26:48+00,2026-01-05 08:13:47.987472+00,,,llama3-70b-8192,"","",llama3-70b-8192,"",,{},10,f,f,0,inactive,f,llama3-70b-8192,0.0000
133,2025-07-05 16:26:48+00,2026-01-05 08:13:48.003877+00,,,mistral-saba-24b,"","",mistral-saba-24b,"",,{},10,f,f,0,inactive,f,mistral-saba-24b,0.0000
135,2025-07-05 16:26:48+00,2026-01-05 08:13:48.016529+00,,,gemma2-9b-it,"","",gemma2-9b-it,"",,{},10,f,f,0,inactive,f,gemma2-9b-it,0.0000
136,2025-07-05 16:26:48+00,2026-01-05 08:13:48.029825+00,,,llama-3.1-8b-instant,"","",llama-3-1-8b-instant,"",,{},10,f,f,0,inactive,f,llama-3.1-8b-instant,0.0000
137,2025-07-05 16:26:48+00,2026-01-05 08:13:48.035695+00,,,llama-3.3-70b-versatile,"","",llama-3-3-70b-versatile,"",,{},10,f,f,0,inactive,f,llama-3.3-70b-versatile,0.0000
139,2025-07-05 16:26:48+00,2026-01-05 08:13:48.053905+00,,,compound-beta,"","",compound-beta,"",,{},10,f,f,0,inactive,f,compound-beta,0.0000
140,2025-07-05 16:26:48+00,2026-01-05 08:13:48.066902+00,,,groq/compound-mini,"","",groq-compound-mini,"",,{},10,f,f,0,inactive,f,groq/compound-mini,0.0000
144,2025-07-05 11:14:08.692178+00,2026-01-05 08:13:48.108239+00,,,cognitivecomputations,"","",cognitivecomputations,"",,{},15,f,f,0,inactive,f,cognitivecomputations,0.0000
145,2025-07-05 11:14:30.431776+00,2026-01-05 08:13:48.135025+00,,,dolphin-mixtral-8x7b,"","",dolphin-mixtral-8x7b,"",,{},15,f,f,0,inactive,f,dolphin-mixtral-8x7b,0.0000
154,2025-07-05 16:26:48+00,2026-01-05 08:13:48.189228+00,,,gemini-2.0-pro,"","",gemini-2-0-pro,"",,{},,f,f,0,active,f,gemini-2.0-pro,0.0000
155,2025-07-05 16:26:48+00,2026-01-05 08:13:48.203569+00,,,gemini-2.0-flash,"","",gemini-2-0-flash,"",,{},47,f,t,0,active,f,gemini-2.0-flash,0.0000
161,2025-07-05 11:16:56.378892+00,2026-01-05 08:13:48.280993+00,,,claude-3-5-sonnet-20241022,"","",claude-3-5-sonnet-20241022,"",,{},16,f,f,0,inactive,f,claude-3-5-sonnet-20241022,0.0000
162,2025-07-05 11:17:09.957286+00,2026-01-05 08:13:48.293133+00,,,claude-sonnet-4-20250514,"","",claude-sonnet-4-20250514,"",,{},16,f,f,0,inactive,f,claude-sonnet-4-20250514,0.0000
163,2025-07-05 11:17:20.964584+00,2026-01-05 08:13:48.299131+00,,,claude-3-5-haiku-20241022,"","",claude-3-5-haiku-20241022,"",,{},16,f,f,0,inactive,f,claude-3-5-haiku-20241022,0.0000
164,2025-07-05 11:17:33.990132+00,2026-01-05 08:13:48.305274+00,,,claude-3-7-sonnet-20250219,"","",claude-3-7-sonnet-20250219,"",,{},16,f,f,0,inactive,f,claude-3-7-sonnet-20250219,0.0000
179,2025-07-05 16:26:48+00,2026-01-05 08:13:48.371201+00,,,meta-llama/Meta-Llama-3.1-8B-Instruct-Turbo,"","",meta-llama-meta-llama-3-1-8b-instruct-turbo,"",,{},,f,f,0,active,f,meta-llama/Meta-Llama-3.1-8B-Instruct-Turbo,0.0000
180,2025-07-05 16:26:48+00,2026-01-05 08:13:48.377317+00,,,meta-llama/Meta-Llama-3.1-70B-Instruct-Turbo,"","",meta-llama-meta-llama-3-1-70b-instruct-turbo,"",,{},,f,f,0,active,f,meta-llama/Meta-Llama-3.1-70B-Instruct-Turbo,0.0000
181,2025-07-05 16:26:48+00,2026-01-05 08:13:48.383385+00,,,meta-llama/Meta-Llama-3.1-405B-Instruct-Turbo,"","",meta-llama-meta-llama-3-1-405b-instruct-turbo,"",,{},,f,f,0,active,f,meta-llama/Meta-Llama-3.1-405B-Instruct-Turbo,0.0000
182,2025-07-05 16:26:48+00,2026-01-05 08:13:48.388446+00,,,meta-llama/Llama-3.3-70B-Instruct-Turbo,"","",meta-llama-llama-3-3-70b-instruct-turbo,"",,{},,f,f,0,active,f,meta-llama/Llama-3.3-70B-Instruct-Turbo,0.0000
183,2025-07-05 16:26:48+00,2026-01-05 08:13:48.393433+00,,,meta-llama/Llama-3.2-3B-Instruct-Turbo,"","",meta-llama-llama-3-2-3b-instruct-turbo,"",,{},,f,f,0,active,f,meta-llama/Llama-3.2-3B-Instruct-Turbo,0.0000
184,2025-07-05 16:26:48+00,2026-01-05 08:13:48.398017+00,,,meta-llama/Llama-4-Maverick-17B-128E-Instruct-FP8,"","",meta-llama-llama-4-maverick-17b-128e-instruct-fp8,"",,{},,f,f,0,active,f,meta-llama/Llama-4-Maverick-17B-128E-Instruct-FP8,0.0000
185,2025-07-05 16:26:48+00,2026-01-05 08:13:48.40261+00,,,meta-llama/Llama-4-Scout-17B-16E-Instruct,"","",meta-llama-llama-4-scout-17b-16e-instruct,"",,{},,f,f,0,active,f,meta-llama/Llama-4-Scout-17B-16E-Instruct,0.0000
186,2025-07-05 16:26:48+00,2026-01-05 08:13:48.407976+00,,,codellama/CodeLlama-7b-hf,"","",codellama-codellama-7b-hf,"",,{},,f,f,0,active,f,codellama/CodeLlama-7b-hf,0.0000
187,2025-07-05 16:26:48+00,2026-01-05 08:13:48.413774+00,,,codellama/CodeLlama-70b-Instruct-hf,"","",codellama-codellama-70b-instruct-hf,"",,{},,f,f,0,active,f,codellama/CodeLlama-70b-Instruct-hf,0.0000
188,2025-07-05 16:26:48+00,2026-01-05 08:13:48.422757+00,,,qwen/Qwen2.5-72B-Instruct-Turbo,"","",qwen-qwen2-5-72b-instruct-turbo,"",,{},,f,f,0,active,f,qwen/Qwen2.5-72B-Instruct-Turbo,0.0000
189,2025-07-05 16:26:48+00,2026-01-05 08:13:48.428644+00,,,qwen/Qwen2-VL-72B-Instruct,"","",qwen-qwen2-vl-72b-instruct,"",,{},,f,f,0,active,f,qwen/Qwen2-VL-72B-Instruct,0.0000
190,2025-07-05 16:26:48+00,2026-01-05 08:13:48.433349+00,,,mistralai/Mixtral-8x22B-Instruct,"","",mistralai-mixtral-8x22b-instruct,"",,{},,f,f,0,active,f,mistralai/Mixtral-8x22B-Instruct,0.0000
191,2025-07-05 16:26:48+00,2026-01-05 08:13:48.437699+00,,,mistralai/Mistral-7B-Instruct,"","",mistralai-mistral-7b-instruct,"",,{},,f,f,0,active,f,mistralai/Mistral-7B-Instruct,0.0000
192,2025-07-05 16:26:48+00,2026-01-05 08:13:48.442517+00,,,togethercomputer/llama-2-7b-chat,"","",togethercomputer-llama-2-7b-chat,"",,{},,f,f,0,active,f,togethercomputer/llama-2-7b-chat,0.0000
205,2025-07-05 16:26:48+00,2026-01-05 08:13:48.447434+00,,,llama3.1,"","",llama3-1,"",,{},,f,f,0,active,f,llama3.1,0.0000
206,2025-07-05 16:26:48+00,2026-01-05 08:13:48.452733+00,,,llama3.2,"","",llama3-2,"",,{},,f,f,0,active,f,llama3.2,0.0000
207,2025-07-05 16:26:48+00,2026-01-05 08:13:48.457137+00,,,llama3.3,"","",llama3-3,"",,{},,f,f,0,active,f,llama3.3,0.0000
208,2025-07-05 16:26:48+00,2026-01-05 08:13:48.461818+00,,,qwen2.5,"","",qwen2-5,"",,{},,f,f,0,active,f,qwen2.5,0.0000
209,2025-07-05 16:26:48+00,2026-01-05 08:13:48.466025+00,,,qwen2.5-vl,"","",qwen2-5-vl,"",,{},,f,f,0,active,f,qwen2.5-vl,0.0000
210,2025-07-05 16:26:48+00,2026-01-05 08:13:48.472157+00,,,llama4,"","",llama4,"",,{},,f,f,0,active,f,llama4,0.0000
211,2025-07-05 16:26:48+00,2026-01-05 08:13:48.478556+00,,,mistral,"","",mistral,"",,{},,f,f,0,active,f,mistral,0.0000
212,2025-07-05 16:26:48+00,2026-01-05 08:13:48.48329+00,,,mistral-small3.1,"","",mistral-small3-1,"",,{},,f,f,0,active,f,mistral-small3.1,0.0000
213,2025-07-05 16:26:48+00,2026-01-05 08:13:48.489012+00,,,phi4-mini,"","",phi4-mini,"",,{},,f,f,0,active,f,phi4-mini,0.0000
214,2025-07-05 16:26:48+00,2026-01-05 08:13:48.49462+00,,,command-r,"","",command-r,"",,{},,f,f,0,active,f,command-r,0.0000
215,2025-07-05 16:26:48+00,2026-01-05 08:13:48.499841+00,,,devstral,"","",devstral,"",,{},,f,f,0,active,f,devstral,0.0000
216,2025-07-05 16:26:48+00,2026-01-05 08:13:48.508208+00,,,starcoder2,"","",starcoder2,"",,{},,f,f,0,active,f,starcoder2,0.0000
261,2025-07-05 16:26:48+00,2026-01-05 08:13:47.380782+00,,,llama-v3p3-70b-instruct,"","",llama-v3p3-70b-instruct,"",,{},,f,f,0,active,f,llama-v3p3-70b-instruct,0.0000
262,2025-07-05 16:26:48+00,2026-01-05 08:13:47.388735+00,,,llama-v3p3-8b-instruct,"","",llama-v3p3-8b-instruct,"",,{},,f,f,0,active,f,llama-v3p3-8b-instruct,0.0000
263,2025-07-05 16:26:48+00,2026-01-05 08:13:47.393483+00,,,llama-v3p3-405b-instruct,"","",llama-v3p3-405b-instruct,"",,{},,f,f,0,active,f,llama-v3p3-405b-instruct,0.0000
264,2025-07-05 16:26:48+00,2026-01-05 08:13:47.399321+00,,,qwen-2.5-72b-instruct,"","",qwen-2-5-72b-instruct,"",,{},,f,f,0,active,f,qwen-2.5-72b-instruct,0.0000
265,2025-07-05 16:26:48+00,2026-01-05 08:13:47.404264+00,,,gemma-2b-it,"","",gemma-2b-it,"",,{},,f,f,0,active,f,gemma-2b-it,0.0000
266,2025-07-05 16:26:48+00,2026-01-05 08:13:47.409723+00,,,firefunction-v2,"","",firefunction-v2,"",,{},,f,f,0,active,f,firefunction-v2,0.0000
267,2025-07-05 16:26:48+00,2026-01-05 08:13:47.414702+00,,,firefunction-v1,"","",firefunction-v1,"",,{},,f,f,0,active,f,firefunction-v1,0.0000
273,2025-07-05 16:26:48+00,2026-01-05 08:13:47.424033+00,,,llama3.1-70b,"","",llama3-1-70b,"",,{},,f,f,0,active,f,llama3.1-70b,0.0000
274,2025-07-05 16:26:48+00,2026-01-05 08:13:47.429061+00,,,llama3.3-8b,"","",llama3-3-8b,"",,{},,f,f,0,active,f,llama3.3-8b,0.0000
275,2025-07-05 16:26:48+00,2026-01-05 08:13:47.435279+00,,,llama3.3-70b,"","",llama3-3-70b,"",,{},,f,f,0,active,f,llama3.3-70b,0.0000
287,2025-07-05 16:26:48+00,2026-01-05 08:13:47.469688+00,,,flux-general,"","",nova-1-legacy,"",,{},33,f,t,0,inactive,f,flux-general,0.0000
288,2025-07-05 11:33:10.640187+00,2026-01-05 08:13:47.475823+00,,,transcribe,"","",transcribe,"",,{},,f,f,0,active,f,transcribe,0.0000
294,2025-07-05 16:26:48+00,2026-01-05 08:13:47.48123+00,,,whisper-large-v3-turbo,"","",whisper-large-v3-turbo,"",,{},,f,f,0,active,f,whisper-large-v3-turbo,0.0000
295,2025-07-05 16:26:48+00,2026-01-05 08:13:47.488995+00,,,Distil-Whisper,"","",distil-whisper,"",,{},,f,f,0,active,f,Distil-Whisper,0.0000
296,2025-07-05 16:26:48+00,2026-01-05 08:13:47.494132+00,,,whisper-large-v3,"","",whisper-large-v3,"",,{},,f,f,0,active,f,whisper-large-v3,0.0000
298,2025-07-05 11:36:33.441218+00,2026-01-05 08:13:47.50083+00,,,assemblyai,"","",assemblyai,"",,{},,f,f,0,active,f,assemblyai,0.0000
299,2025-07-05 11:36:52.454781+00,2026-01-05 08:13:47.508067+00,,,speechmatics,"","",speechmatics,"",,{},22,f,f,0,inactive,f,speechmatics,0.0000
300,2025-07-05 11:37:20.722055+00,2026-01-05 08:13:47.513986+00,,,google,"","",google,"",,{},,f,f,0,active,f,google,0.0000
309,2025-07-05 16:26:48+00,2026-01-05 08:13:47.59835+00,,,playai-tts,"","",playai-tts,"",,{},,f,f,0,active,f,playai-tts,0.0000
311,2025-07-05 16:26:48+00,2026-01-05 08:13:47.603523+00,,,aura-2,"","",aura-2,"",,{},24,f,f,0,inactive,f,aura-2,0.0000
317,2025-07-07 10:27:54.99928+00,2026-01-05 08:13:47.633845+00,,,Scribe v1,"","",Scribe_v1,"",,{},35,f,f,0,inactive,f,Scribe v1,0.0000
318,2025-08-19 10:22:01.425995+00,2026-01-05 08:13:47.639631+00,,,aura,"","",aura,"",,{},24,f,f,0,inactive,f,aura,0.0000
320,2025-08-19 12:45:18.07329+00,2026-01-05 08:13:47.649793+00,,,Eleven English v1,"","",eleven_english_v1,"",,{},34,f,f,0,inactive,f,Eleven English v1,0.0000
323,2025-09-24 05:53:21.083929+00,2026-01-05 08:13:47.668276+00,,,eleven_multilingual_v2,"","",eleven_multilingual_v2-1,"",,{},34,f,f,0,inactive,f,eleven_multilingual_v2,0.0000
328,2025-09-24 09:32:04.576088+00,2026-01-05 08:13:47.69875+00,,,gpt-4o-mini,"","",gpt-4o-mini-1,"",,{},7,f,t,0,active,f,gpt-4o-mini,0.0000
335,2025-09-24 09:40:37.673358+00,2026-01-05 08:13:47.715138+00,,,Phi-4,"","",phi-4,"",,{},48,f,f,0,inactive,f,Phi-4,0.0000
316,2025-07-07 15:48:23+00,2026-01-22 12:28:16.010712+00,,,eleven_flash_v2,"","",eleven_flash_v2,"",,"""{}""",34,f,t,0,inactive,f,eleven_flash_v2,0.0000
319,2025-08-19 12:42:17.51665+00,2026-02-09 05:59:29.358305+00,,,eleven_turbo_v2_5,"","",eleven_turbo_v2_5,"",,{},34,f,f,0,active,f,eleven_turbo_v2_5,0.0000
321,2025-08-20 09:30:35.425191+00,2026-01-29 14:36:16.099541+00,,,unpod-tts-v1,"","",unpod-tts-v1,"",,{},37,f,t,0,active,f,unpod-tts-1,0.0000
338,2025-09-24 09:59:38.670191+00,2026-01-30 08:10:39.872247+00,,,nova-3,"","",nova-3-1,"",,{},,f,t,0,inactive,f,nova-3,0.0000
286,2025-07-05 16:26:48+00,2026-01-22 14:28:32.772417+00,,,nova-2,"","",nova-2,"",,{},33,f,t,0,active,f,nova-2,0.0000
330,2025-09-24 09:33:56.336663+00,2026-02-03 12:48:35.074988+00,,,arn:aws:bedrock:ap-south-1:321658412833:inference-profile/apac.anthropic.claude-sonnet-4-20250514-v,"","",arnawsbedrockap-south-1321658412833inference-profileapacanthropicclaude-sonnet-4-20250514-v,"",,{},50,f,f,0,inactive,f,arn:aws:bedrock:ap-south-1:321658412833:inference-profile/apac.anthropic.claude-sonnet-4-20250514-v,0.0000
272,2025-07-05 16:26:48+00,2026-02-03 14:46:45.028707+00,,,llama3.1-8b,"","",llama3-1-8b,"",,{},54,f,f,0,active,f,llama3.1-8b,0.0000
336,2025-09-24 09:41:46.137699+00,2026-02-03 18:00:36.358533+00,,,gemini-2.5-flash,"","",googlegemini-25-flash-001,"",,{},47,t,t,0,active,f,gemini-2.5-flash,0.0000
305,2025-07-05 16:26:48+00,2026-02-05 06:56:45.213961+00,,,GPT-4o min TTS,"","",gpt-4o-min-tts,"",,{},7,f,f,0,inactive,f,GPT-4o min TTS,0.0000
324,2025-09-24 09:21:11.423783+00,2026-01-05 08:13:47.68057+00,,,chirp_3,"","",chirp_3,"",,{},,f,f,0,inactive,f,chirp_3,0.0000
326,2025-09-24 09:25:25.111516+00,2026-01-05 08:13:47.686329+00,,,latest_long,"","",latest_long,"",,{},,f,f,0,inactive,f,latest_long,0.0000
327,2025-09-24 09:27:29.550648+00,2026-01-05 08:13:47.693382+00,,,medical_conversation,"","",medical_conversation,"",,{},,f,f,0,inactive,f,medical_conversation,0.0000
279,2025-07-05 16:26:48+00,2026-01-05 08:13:47.440597+00,,,gpt-4o-transcribe,"","",gpt-4o-transcribe,"",,{},,f,f,0,inactive,f,gpt-4o-transcribe,0.0000
280,2025-07-05 16:26:48+00,2026-01-05 08:13:47.446438+00,,,whisper-1,"","",whisper-1,"",,{},,f,f,0,inactive,f,whisper-1,0.0000
281,2025-07-05 16:26:48+00,2026-01-05 08:13:47.452223+00,,,gpt-4o-mini-transcribe,"","",gpt-4o-mini-transcribe,"",,{},,f,f,0,inactive,f,gpt-4o-mini-transcribe,0.0000
306,2025-07-05 16:26:48+00,2026-01-05 08:13:47.586943+00,,,TTS-1,"","",tts-1,"",,{},,f,f,0,inactive,f,TTS-1,0.0000
334,2025-09-24 09:39:56.54885+00,2026-02-06 15:57:40.369887+00,,,gpt-4o-mini,"","",gpt-4o-mini-2,"",,{},48,f,f,0,active,f,gpt-4o-mini,0.0000
285,2025-07-05 16:26:48+00,2026-02-07 16:30:12.828837+00,,,nova-3,"","",nova-3,"",,{},33,f,f,0,active,f,nova-3,0.0000
341,2025-09-24 10:09:55.621257+00,2026-01-05 08:13:47.73656+00,,,nova-2-general,"","",nova-2-general-1,"",,{},,f,f,0,active,f,nova-2-general,0.0000
342,2025-09-24 10:10:40.262618+00,2026-01-05 08:13:47.744049+00,,,solaria-1,"","",solaria-1,"",,{},43,f,f,0,inactive,f,solaria-1,0.0000
344,2025-09-24 10:22:57.356579+00,2026-01-05 08:13:47.749193+00,,,aurora,"","",aurora,"",,{},40,f,f,0,active,f,aurora,0.0000
345,2025-09-24 10:34:08.285878+00,2026-01-05 08:13:47.753979+00,,,sonic-2,"","",sonic-2,"",,{},42,f,t,0,active,f,sonic-2,0.0000
346,2025-09-24 10:39:31.003062+00,2026-01-05 08:13:47.758962+00,,,bulbul:v2,"","",bulbulv2,"",,{},20,f,f,0,active,f,bulbul:v2,0.0000
354,2025-10-05 16:55:40.334601+00,2026-01-05 08:13:47.772937+00,,,qwen/qwen3-32b,"","",qwen-qwen3-32b,"",,{},10,f,f,0,inactive,f,qwen/qwen3-32b,0.0000
357,2025-10-20 07:26:56.716714+00,2026-01-05 08:13:47.777814+00,,,claude-3-haiku-20240307,"","",claude-3-haiku-20240307,"",250,{},16,t,f,0,inactive,f,claude-3-haiku-20240307,0.0000
358,2025-10-22 17:46:19.342562+00,2026-01-05 08:13:47.782645+00,,,gemma3:270m,"","",gemma3-270m,"",,{},53,f,f,0,inactive,f,gemma3:270m,0.0000
360,2025-10-25 20:52:34.459698+00,2026-01-05 08:13:47.794957+00,,,cohere.embed-v4:0,"","",cohere-embed-v4-0,"",,{},50,t,f,0,inactive,f,cohere.embed-v4:0,0.0000
361,2025-10-25 20:53:41.138559+00,2026-01-05 08:13:47.800707+00,,,amazon.nova-lite-v1:0,"","",amazon-nova-lite-v1-0,"",,{},50,f,f,0,inactive,f,amazon.nova-lite-v1:0,0.0000
363,2025-10-25 22:12:46.693804+00,2026-01-05 08:13:47.81893+00,,,qwen-3-32b,"","",cerebras-qwen-3-32b,"",,{},54,t,f,0,inactive,f,qwen-3-32b,0.0000
367,2025-11-02 06:35:03.212658+00,2026-01-05 08:13:47.853307+00,,,grok-code-fast-1,"","",grok-code-fast-1,"",,{},56,t,f,0,inactive,f,grok-code-fast-1,0.0000
368,2025-11-02 06:40:49.071811+00,2026-01-05 08:13:47.863586+00,,,grok-4-0709,"","",grok-4-0709,"",,{},56,f,f,0,inactive,f,grok-4-0709,0.0000
369,2025-11-02 06:42:48.611178+00,2026-01-05 08:13:47.871479+00,,,grok-4-fast-non-reasoning,"","",grok-4-fast-non-reasoning,"",,{},56,t,f,0,inactive,f,grok-4-fast-non-reasoning,0.0000
375,2025-12-22 07:01:33.660882+00,2026-01-05 08:13:47.924954+00,,,flux-general,"","",flux-general,"",,{},24,f,t,0,inactive,f,flux-general,0.0000
378,2025-12-22 08:08:05.344409+00,2026-01-05 08:13:47.945076+00,,,sonic-turbo,"","",sonic-turbo,"",,{},42,f,t,0,active,f,sonic-turbo,0.0000
384,2025-12-22 12:49:02.685778+00,2026-01-05 08:13:47.974652+00,,,mistv2,"","",mistv2,"",,{},60,f,t,0,inactive,f,mistv2,0.0000
385,2025-12-22 12:58:30.703179+00,2026-01-05 08:13:47.980943+00,,,blizzard,"","",blizzard,"",,{},40,f,f,0,active,f,blizzard,0.0000
396,2025-12-23 05:18:25.256325+00,2026-01-05 08:13:48.076548+00,,,claude-opus-4-20250514,"","",claude-opus-4-20250514,"",,{},16,f,f,0,inactive,f,claude-opus-4-20250514,0.0000
397,2025-12-23 05:20:08.099045+00,2026-01-05 08:13:48.085567+00,,,claude-opus-4-1-20250805,"","",claude-opus-4-1-20250805,"",,{},16,f,f,0,inactive,f,claude-opus-4-1-20250805,0.0000
398,2025-12-23 07:14:42.811423+00,2026-01-05 08:13:48.09346+00,,,deepseek-v3,"","",deepseek-v3,"",,{},62,f,t,0,inactive,f,deepseek-v3,0.0000
399,2025-12-23 07:15:33.604975+00,2026-01-05 08:13:48.100217+00,,,deepseek-v3.2,"","",deepseek-v32,"",,{},62,f,t,0,inactive,f,deepseek-v3.2,0.0000
400,2025-12-23 07:16:11.063598+00,2026-01-05 08:13:48.114018+00,,,kimi-k2-instruct,"","",kimi-k2-instruct,"",,{},62,f,t,0,inactive,f,kimi-k2-instruct,0.0000
401,2025-12-23 07:19:14.245099+00,2026-01-05 08:13:48.14088+00,,,qwen3-235b-a22b-instruct,"","",qwen3-235b-a22b-instruct,"",,{},62,f,t,0,inactive,f,qwen3-235b-a22b-instruct,0.0000
402,2025-12-23 07:24:04.845644+00,2026-01-05 08:13:48.146893+00,,,gpt-4.1-nano,"","",gpt-41-nano,"",,{},7,f,t,0,active,f,gpt-4.1-nano,0.0000
404,2025-12-23 07:26:18.014047+00,2026-01-05 08:13:48.152618+00,,,gemini-2.5-pro,"","",gemini-25-pro,"",,{},47,f,t,0,active,f,gemini-2.5-pro,0.0000
370,2025-11-05 12:23:10.637159+00,2026-01-23 20:16:19.909008+00,,,openai/gpt-oss-120b,"","",openai-gpt-oss-120b,"",250,{},10,t,t,0,inactive,f,openai/gpt-oss-120b,0.0000
374,2025-11-07 11:44:45.893006+00,2026-02-06 07:28:14.766234+00,,,gemini-2.5-flash-native-audio-latest,"","",gemini-2-5-flash-native-audio-latest,"",500,{},47,t,f,0,active,t,gemini-2.5-flash-native-audio-latest,0.0000
365,2025-10-26 17:08:32.63945+00,2026-01-26 16:55:58.92208+00,,,ink-whisper-2025-06-04,"","",ink-whisper-2025-06-04,"",500,{},55,f,f,0,inactive,f,ink-whisper-2025-06-04,0.0000
373,2025-11-07 09:16:18.164776+00,2026-02-06 09:14:41.519297+00,,,gemini-2.5-flash-native-audio-preview-12-2025,"","",gemini-live-2-5-flash-preview-native-audio-09-2025,"",500,{},47,t,f,0,active,t,gemini-2.5-flash-native-audio-preview-12-2025,0.0000
382,2025-12-22 12:38:53.048402+00,2026-01-29 10:47:29.57979+00,,,inworld-tts-1,"","",inworld-tts-1,"",,{},61,f,t,0,inactive,f,inworld-tts-1,0.0000
381,2025-12-22 12:37:53.863375+00,2026-01-29 10:47:29.580826+00,,,inworld-tts-1-max,"","",inworld-tts-1-max,"",,{},61,f,t,0,inactive,f,inworld-tts-1-max,0.0000
362,2025-10-25 21:46:20.189018+00,2026-02-10 07:49:30.445905+00,,,gpt-5-mini,"",https://parvi-mftufrw0-eastus2.cognitiveservices.azure.com/openai/responses?api-version=2025-04-01-preview,azure-gpt-5-mini,"",,{},48,t,t,0,active,f,gpt-5-mini,0.0000
372,2025-11-06 21:29:54.713087+00,2026-02-07 07:38:05.633463+00,,,gpt-realtime,"","",gpt-realtime,"",500,{},7,t,f,0,active,t,gpt-realtime,0.0000
371,2025-11-06 18:58:21.466172+00,2026-02-07 07:38:12.591993+00,,,gpt-realtime-mini,"","",gpt-realtime-mini,"",,{},7,t,f,0,active,t,gpt-realtime-mini,0.0000
388,2025-12-22 13:31:47.488969+00,2026-01-05 08:13:47.994818+00,,,gemini flash tts,"","",gemini-25-flash,"",,{},,f,f,0,inactive,f,gemini flash tts,0.0000
393,2025-12-22 13:35:07.972093+00,2026-01-05 08:13:48.040934+00,,,chirp 3: hd,"","",gemini-20-flash-lite-preview-02-05,"",,{},,f,f,0,inactive,f,chirp 3: hd,0.0000
394,2025-12-22 13:35:56.045862+00,2026-01-05 08:13:48.047708+00,,,gemini-2.5-flash lite Preview tts,"","",gemini-20-pro-exp-02-05,"",,{},,f,f,0,inactive,f,gemini-2.5-flash lite Preview tts,0.0000
377,2025-12-22 07:32:51.703223+00,2026-02-06 15:29:21.505879+00,,,universal-streaming-multilingual,"","",universal-streaming-multilingual,"",,{},59,f,t,0,active,f,universal-streaming-multilingual,0.0000
376,2025-12-22 07:30:05.607151+00,2026-02-06 15:29:33.043028+00,,,universal-streaming,"","",universal-streaming,"",,{},59,f,t,0,active,f,universal-streaming,0.0000
352,2025-10-05 15:55:44.431518+00,2026-02-07 12:40:15.632523+00,,,meta-llama/llama-4-scout-17b-16e-instruct,"","",llama-guard-4-12b,"",,{},10,f,f,0,active,f,meta-llama/llama-4-scout-17b-16e-instruct,0.0000
340,2025-09-24 10:08:46.114977+00,2026-02-07 14:31:51.703924+00,,,stt-rt-v4,"","",stt-rt-v4,"",,{},44,f,f,0,active,f,stt-rt-v4,0.0000
366,2025-10-29 13:29:01.890398+00,2026-02-11 17:07:07.160453+00,,,sonic-3,"","",sonic-3,"",,{},42,f,t,0,active,f,sonic-3,0.0000
395,2025-12-22 13:36:46.10333+00,2026-02-07 20:37:06.036492+00,,,gemini-2.5-flash-preview-tts,"","",gemini-2-5-flash-preview-tts,"",,{},47,f,f,0,active,f,gemini-2.5-flash-preview-tts,0.0000
406,2025-12-23 07:29:07.609512+00,2026-01-05 08:13:48.16405+00,,,gemini-2.0-flash,"","",gemini-20-flash,"",,{},47,f,t,0,inactive,f,gemini-2.0-flash,0.0000
408,2025-12-23 07:45:03.494865+00,2026-01-05 08:13:48.17631+00,,,deepseek-coder,"","",deepseek-coder,"",,{},63,f,f,0,inactive,f,deepseek-coder,0.0000
409,2025-12-23 07:47:48.570913+00,2026-01-05 08:13:48.183506+00,,,deepseek-chat,"","",deepseek-chat,"",,{},63,f,f,0,inactive,f,deepseek-chat,0.0000
410,2025-12-23 09:13:53.201068+00,2026-01-05 08:13:48.196346+00,,,grok-3,"","",grok-3,"",,{},56,f,f,0,inactive,f,grok-3,0.0000
411,2025-12-23 09:14:29.395265+00,2026-01-05 08:13:48.211557+00,,,grok-3-fast,"","",grok-3-fast,"",,{},56,f,f,0,inactive,f,grok-3-fast,0.0000
412,2025-12-23 09:15:05.162838+00,2026-01-05 08:13:48.229661+00,,,grok-3-mini,"","",grok-3-mini,"",,{},56,f,f,0,inactive,f,grok-3-mini,0.0000
413,2025-12-23 09:15:31.08915+00,2026-01-05 08:13:48.240271+00,,,grok-3-mini-fast,"","",grok-3-mini-fast,"",,{},56,f,f,0,inactive,f,grok-3-mini-fast,0.0000
414,2025-12-23 09:15:57.920484+00,2026-01-05 08:13:48.251743+00,,,grok-2-vision-1212,"","",grok-2-vision-1212,"",,{},56,f,f,0,inactive,f,grok-2-vision-1212,0.0000
415,2025-12-23 09:25:54.197451+00,2026-01-05 08:13:48.262731+00,,,grok-2-image-1212,"","",grok-2-image-1212,"",,{},56,f,f,0,inactive,f,grok-2-image-1212,0.0000
416,2025-12-23 09:26:34.363593+00,2026-01-05 08:13:48.273995+00,,,grok-2-1212,"","",grok-2-1212,"",,{},56,f,f,0,inactive,f,grok-2-1212,0.0000
417,2025-12-23 09:46:17.433942+00,2026-01-05 08:13:48.288347+00,,,llama-guard-3-8b,"","",llama-guard-3-8b,"",,{},10,f,f,0,inactive,f,llama-guard-3-8b,0.0000
429,2025-12-24 17:05:38.994513+00,2026-01-05 08:13:48.346642+00,,,claude-haiku-4-5,"","",claude-haiku-4-5,"",,{},16,t,f,0,inactive,f,claude-haiku-4-5,0.0000
313,2025-07-07 15:48:23+00,2026-01-22 12:28:16.014215+00,,,eleven_turbo_v2,"","",eleven_turbo_v2,"",,"""{}""",34,f,t,0,inactive,f,eleven_turbo_v2,0.0000
428,2025-12-24 07:15:58.106242+00,2026-01-23 04:34:33.44975+00,,,saarika:v2.5,"","",saarikav25,"",,{},64,f,f,0,active,f,saarika:v2.5,0.0000
383,2025-12-22 12:44:53.703914+00,2026-01-23 19:45:11.413678+00,,,arcana,"","",arcana,"",,{},60,f,t,0,inactive,f,arcana,0.0000
431,2025-12-27 13:13:38.240935+00,2026-01-23 19:51:50.057223+00,,,gpt-4.1,"","",gpt-41-1,"",,{},7,f,t,0,inactive,f,gpt-4.1,0.0000
430,2025-12-27 12:34:49.956472+00,2026-01-23 19:51:50.059573+00,,,gpt-4-turbo,"","",gpt-4-turbo-1,"",,{},7,f,f,0,inactive,f,gpt-4-turbo,0.0000
427,2025-12-24 07:11:29.425232+00,2026-01-23 20:04:29.047544+00,,,grok-2-voice,"","",grok-2-voice,"",,{},56,f,f,0,inactive,t,grok-2-voice,0.0000
432,2025-12-29 05:59:33.602019+00,2026-01-23 20:16:19.906473+00,,,llama-3.3-70b-versatile,"","",llama-33-70b-versatile,"",,{},10,f,f,0,inactive,f,llama-3.3-70b-versatile,0.0000
436,2026-01-23 11:34:34.420865+00,2026-01-29 10:47:29.576318+00,,,inworld-tts-1.5-max,"","",inworld-tts-15-max,"",,{},61,f,t,0,inactive,f,inworld-tts-1.5-max,0.0000
443,2026-02-11 08:12:30.654772+00,2026-02-11 17:06:28.199326+00,,,sonic-3-2025-10-27,"","",sonic-3-2025-10-27,"",,{},42,f,f,0,active,f,sonic-3-2025-10-27,0.0000
424,2025-12-23 10:18:39.95416+00,2026-02-12 13:09:24.41716+00,,,gemini-3-flash,"","",gemini-3-flash,"",,{},47,t,t,0,active,f,gemini-3-flash,0.0000
426,2025-12-24 07:06:22.692835+00,2026-02-06 13:14:49.383076+00,,,telephony,"","",telephony,"",,{},47,f,f,0,active,f,telephony,0.0000
405,2025-12-23 07:28:07.382279+00,2026-01-28 09:34:31.86936+00,,,gemini-2.5-flash,"","",gemini-25-flash-1,"",,{},47,f,t,0,inactive,f,gemini-2.5-flash,0.0000
435,2026-01-23 11:32:00.917058+00,2026-01-29 10:47:29.578738+00,,,inworld-tts-1.5-mini,"","",inworld-tts-15-mini,"",,{},61,f,t,0,inactive,f,inworld-tts-1.5-mini,0.0000
407,2025-12-23 07:29:55.676165+00,2026-02-03 19:49:25.903627+00,,,gemini-2.5-flash-lite,"","",gemini-25-flash-lite,"",,{},47,t,f,0,active,f,gemini-2.5-flash-lite,0.0000
359,2025-10-25 20:42:19.14251+00,2026-02-03 13:03:50.471624+00,,,global.anthropic.claude-haiku-4-5-20251001-v1:0,"","",anthropic-claude-haiku-4-5-20251001-v1-0,"",250,{},50,t,f,0,active,f,anthropic.claude-haiku-4-5-20251001-v1:0,0.0000
425,2025-12-24 07:05:18.349006+00,2026-01-05 08:13:48.327732+00,,,chirp_2,"","",chirp_2,"",,{},,f,f,0,inactive,f,chirp_2,0.0000
307,2025-07-05 16:26:48+00,2026-01-05 08:13:47.592826+00,,,TTS-1 HD,"","",tts-1-hd,"",,{},,f,f,0,inactive,f,TTS-1 HD,0.0000
437,2026-01-29 10:42:22.238974+00,2026-01-29 14:35:58.407556+00,,,unpod-tts-v1.5,"","",unpod-v1-5,"",,{},37,f,t,0,active,f,unpod-tts-1.5-mini,0.0000
322,2025-08-20 09:31:28.444583+00,2026-01-29 16:10:07.878692+00,,,unpod-tts-v1-max,"","",unpod-tts-1-max,"",,{},37,f,t,0,active,f,unpod-tts-1-max,0.0000
439,2026-01-29 10:46:11.396996+00,2026-01-29 19:39:06.423508+00,,,unpod-tts-v1.5-max,"","",unpod-v15-max-1,"",,{},37,f,t,0,active,f,unpod-tts-1.5-max,0.0000
314,2025-07-07 15:48:23+00,2026-02-09 05:54:23.891225+00,,,eleven_multilingual_v2,"","",eleven_multilingual_v2,"",,"""{}""",34,f,f,0,active,f,eleven_multilingual_v2,0.0000
315,2025-07-07 15:48:23+00,2026-02-09 05:54:39.178346+00,,,eleven_flash_v2_5,"","",eleven_flash_v2_5,"",,"""{}""",34,f,f,0,active,f,eleven_flash_v2_5,0.0000
423,2025-12-23 10:08:25.006+00,2026-02-07 07:37:41.18017+00,,,gpt-4o-realtime-preview,"","",gpt-4o-realtime-preview,"",,{},7,f,f,0,active,t,gpt-4o-realtime-preview,0.0000
433,2025-12-29 06:05:58.967751+00,2026-02-06 13:31:40.531007+00,,,flux-general,"","",flux-general-1,"",,{},33,f,t,0,active,f,flux-general,0.0000
422,2025-12-23 10:06:14.272633+00,2026-02-07 07:37:52.529978+00,,,gpt-realtime-2025-08-28,"","",gpt-realtime-2025-08-28,"",,{},7,f,f,0,active,t,gpt-realtime-2025-08-28,0.0000
442,2026-02-10 07:51:16.783086+00,2026-02-10 07:51:16.783086+00,,,gpt-5-mini,"","",gpt-5-mini,"",,{},7,f,t,0,active,f,gpt-5-mini,0.0000
353,2025-10-05 16:37:02.104383+00,2026-02-07 12:40:15.629705+00,,,openai/gpt-oss-20b,"","",gpt-oss-20b,"",,{},10,f,f,0,active,f,openai/gpt-oss-20b,0.0000
440,2026-02-07 20:15:38.882431+00,2026-02-07 20:15:38.882431+00,,,chirp-3.0-generate-001,"","",chirp-3-0-generate-001,"",,{},,f,f,0,active,f,chirp-3.0-generate-001,0.0000
441,2026-02-07 20:46:00.112818+00,2026-02-07 20:46:00.112818+00,,,bulbul:v3,"","",bulbul-v3,"",,{},20,f,f,0,active,f,bulbul:v3,0.0000
